,Unnamed: 0,index,raw_name,name_group,gender
0,0,0,abe,abie,M
1,1,1,abbey,abigail,F
2,2,2,abbie,abigail,F
3,3,3,abby,abigail,F
4,4,4,gail,abigail,F
5,5,5,ab,abner,M
6,7,7,bram,abraham,M
7,9,9,cacia,acacia,F
8,10,10,acel,acelin,M
9,11,11,asce,acelin,M
10,12,12,achill,achilles,M
11,13,13,akil,achilles,M
12,14,14,ace,acie,M
13,15,15,axel,ackerley,M
14,16,16,acke,ackerley,M
15,17,17,elke,adalheid,F
16,18,18,heidi,adalheid,F
17,19,19,aleit,adalheidis,F
18,20,20,ina,adallina,F
19,21,21,lina,adallina,F
21,24,24,ada,adelina,F
22,26,26,addie,adelaide,F
23,27,27,addy,adelaide,F
24,28,28,lady,adelaide,F
25,29,29,alli,adelheid,F
26,30,30,aleid,adelheyd,F
27,31,31,aleida,adelheyd,F
28,32,32,lisha,adelicia,F
29,33,33,adela,adelina,F
30,34,34,delinda,adelinda,F
31,35,35,adãˆle,adeline,F
32,36,36,aline,adeline,F
33,37,37,deline,adeline,F
34,38,38,lene,adilene,F
35,39,39,ahlf,adolf,M
36,40,40,dolph,adolph,M
37,41,41,doncia,adoncia,F
38,42,42,adora,adoracion,F
39,43,43,arie,adriaan,M
40,44,44,drina,adriana,F
41,45,45,adrie,adrianne,F
42,47,47,ãed,aedan,M
43,48,48,aethel,aethelflaed,F
44,52,52,afanas,afanasii,M
45,53,53,afon,afanasii,M
46,54,54,afon'ka,afanasii,M
47,55,55,afonas,afanasii,M
48,56,56,afonik,afanasii,M
49,57,57,afonika,afanasii,M
50,58,58,afonka,afanasii,M
51,59,59,afonos,afanasii,M
52,60,60,rika,affrika,F
53,62,62,aggie,agatha,F
55,64,64,agnes,agatha,F
56,66,66,nest,agatha,F
57,67,67,nesta,agatha,F
58,68,68,tina,agostina,F
59,69,69,tino,agostino,M
60,70,70,grusha,agrafena,F
61,71,71,bert,ailbert,M
62,72,72,aila,aileen,F
63,73,73,ailee,aileen,F
64,74,74,ailey,aileen,F
65,75,75,ailie,aileen,F
66,77,77,dand,aindrea,M
67,78,78,al,aladdin,M
68,82,82,lana,alana,F
69,106,106,alondra,alejandra,F
70,107,107,saso,aleksander,M
71,108,108,sasha,aleksandr,M
72,109,109,shura,aleksandr,M
73,110,110,sasa,aleksandrina,F
74,113,113,aleksandra,aleksandrina,F
75,114,114,ale,aleksanteri,M
76,115,115,santeri,aleksanteri,M
77,116,116,santtu,aleksanteri,M
79,120,120,helen,alenka,F
80,121,121,sandra,alessandra,F
81,122,122,sandro,alessandro,M
82,124,124,leta,aleta,F
83,125,125,letha,aletha,F
84,127,127,alec,alexander,M
85,128,128,alechjo,alexander,M
86,129,129,aleck,alexander,M
87,130,130,alex,alexander,M
88,131,131,alic,alexander,M
89,132,132,alick,alexander,M
90,133,133,alik,alexander,M
91,134,134,leka,alexander,M
92,135,135,lex,alexander,M
93,136,136,sander,alexander,M
94,137,137,sandy,alexander,M
95,138,138,xan,alexander,M
96,139,139,xander,alexander,M
97,140,140,zander,alexander,M
98,142,142,alexa,alexandra,F
99,143,143,lexa,alexandra,F
100,144,144,lexi,alexandra,F
101,145,145,lexie,alexandra,F
102,146,146,lexine,alexandra,F
103,147,147,lexy,alexandra,F
104,149,149,xandra,alexandra,F
105,150,150,zandra,alexandra,F
106,155,155,rina,alexandrina,F
107,156,156,sandrine,alexandrine,F
108,157,157,sandu,alexandru,M
109,158,158,aleå ,alexej,M
110,159,159,lexia,alexina,F
111,162,162,alexia,alexina,F
112,163,163,lexus,alexus,F
113,166,166,fons,alfonso,M
114,167,167,fonsie,alfonso,M
115,168,168,fonz,alfonso,M
116,169,169,fonzie,alfonso,M
117,173,173,alf,alfred,M
118,174,174,alfie,alfred,M
119,175,175,alfy,alfred,M
120,180,180,algimas,algimantas,M
121,181,181,algis,algimantas,M
122,186,186,ella,alisander,M
123,188,188,allie,alison,F
124,189,189,ally,alison,F
126,215,215,lon,lonnie,M
128,217,217,aloys,aloysius,M
129,218,218,pertti,alpertti,M
130,225,225,vena,alvena,F
132,229,229,alvie,alvin,M
133,230,230,alvy,alvin,M
134,237,237,aleksey,alyosha,M
135,240,240,lyssa,alyssa,F
136,243,243,eliska,alzbeta,F
137,244,244,elita,alzbeta,F
138,245,245,mabel,amabel,F
139,246,246,mandy,amanda,F
140,247,247,amara,amarantha,F
141,248,248,ambrogio,ambrogino,M
142,249,249,gino,ambrogino,M
143,250,250,ambie,ambrose,M
144,251,251,amby,ambrose,M
145,252,252,brose,ambrose,M
146,253,253,melia,amelia,F
147,254,254,minta,amynta,F
148,255,255,minty,amynta,F
149,256,256,ann,anabella,F
150,257,257,annie,anabella,F
151,260,260,cleto,anacleto,M
152,261,261,cletes,anacletus,M
153,262,262,akoni,anakoni,M
154,263,263,anastay,anastasia,F
155,264,264,natasa,anastasia,F
156,265,265,stacey,anastasia,F
157,266,266,tasia,anastasia,F
158,267,267,tasoula,anastasia,F
159,268,268,staas,anastasius,M
160,270,270,stasius,anastasius,M
161,271,271,asya,anastasiya,F
162,272,272,nastasya,anastasiya,F
163,273,273,nastia,anastasiya,F
164,274,274,nastya,anastasiya,F
167,277,277,andee,andrea,F
168,278,278,andi,andrea,F
169,279,279,andri,andrea,F
170,280,280,andy,andrea,U
171,281,281,drea,andrea,F
172,283,283,drew,andrew,M
173,284,284,dries,andries,M
175,288,288,drugi,andrzej,M
176,289,289,andris,andrãs,M
177,290,290,bandi,andrãs,M
178,291,291,nye,aneirin,M
179,293,293,etta,anetta,F
180,294,294,ettie,anetta,F
181,295,295,ange,angel,U
182,297,297,angie,angelien,F
183,298,298,angela,angelien,F
184,300,300,angele,angeline,F
185,301,301,ãngela,angelita,F
186,304,304,gus,angus,M
188,309,309,ana,anita,F
189,311,311,ania,anka,F
190,312,312,leif,anleifr,M
191,313,313,anca,anna,F
192,314,314,ane,anna,F
193,315,315,anja,anna,F
194,316,316,anni,anna,F
195,317,317,ans,anna,F
196,318,318,anu,anna,F
197,371,371,anne,anne-marie,F
198,373,373,anke,anneke,F
199,375,375,anelie,anneliese,F
200,378,378,annelie,anneliese,F
201,401,401,nita,annita,F
202,405,405,nunzia,annunziata,F
203,406,406,anya,annushka,F
204,407,407,aniko,annuska,F
205,411,411,anssi,anselm,M
206,412,412,selma,anselma,F
207,413,413,asher,anshel,M
208,414,414,anstey,anstice,F
209,415,415,tero,antero,M
210,416,416,tone,anthony,M
211,417,417,toney,anthony,M
212,418,418,tonjes,anthony,M
213,419,419,tony,anthony,M
214,420,420,tã“ni,anthony,M
215,422,422,toinette,antoinette,F
216,423,423,antonius,antonello,M
217,424,424,antonia,antonette,F
218,425,425,toni,antonette,F
219,426,426,tonia,antonette,F
220,427,427,tonka,antonette,F
221,430,430,tonio,antonio,M
222,431,431,tono,antonio,M
223,432,432,teunis,antonello,M
224,433,433,theunis,antonello,M
225,434,434,anchjo,antono,M
226,435,435,aodh,aodhagan,M
227,436,436,polina,apollinariya,F
228,437,437,polona,apolonija,F
229,438,438,archie,archibald,M
230,439,439,ardi,ardian,M
231,440,440,retha,aretha,F
232,441,441,arina,arisha,F
233,442,442,arlie,charlene,F
234,443,443,naldo,arnaldo,M
235,444,444,arne,arnkell,M
236,446,446,arn,arnold,M
237,447,447,arndt,arnold,M
238,449,449,arnie,arnold,M
239,450,450,arny,arnold,M
240,451,451,art,arthur,M
241,452,452,artie,arthur,M
242,453,453,arto,artturi,M
243,454,454,arttu,artturi,M
244,457,457,ash,ashley,U
245,460,460,sassa,astrid,F
246,461,461,asta,astrithr,F
247,462,462,thanos,athanasios,M
248,463,463,audie,audrey,F
249,465,465,gussie,augusta,F
250,466,466,gusta,augusta,F
251,467,467,stijn,augustijn,M
252,470,470,aku,aukusti,M
253,471,471,kusti,aukusti,M
254,474,474,dunya,dunyasha,F
255,476,476,avila,aveline,F
256,477,477,avi,aviram,M
258,481,481,baibin,bairbre,F
259,482,482,bartle,bairtlimã‰ad,M
260,483,483,bartley,bairtlimã‰ad,M
261,484,484,bab,barbara,F
262,485,485,babe,barbara,F
263,486,486,babette,barbara,F
264,487,487,babs,barbara,F
265,488,488,barb,barbara,F
266,489,489,barbe,barbara,F
267,490,490,barbel,barbara,F
268,491,491,barbie,barbara,F
269,492,492,basia,barbara,F
270,493,493,bara,barcinka,F
271,494,494,barka,barcinka,F
272,495,495,baruna,barcinka,F
273,496,496,barunka,barcinka,F
274,497,497,baruska,barcinka,F
275,498,498,bora,barcinka,F
276,499,499,barbora,barcinka,F
277,500,500,barney,barnabas,M
278,501,501,barna,barnabãs,M
279,502,502,bartel,bartholomeus,M
280,503,503,mies,bartholomeus,M
281,504,504,bart,bartholomew,M
282,505,505,tolly,bartholomew,M
283,506,506,bartosz,bartlomiej,M
284,507,507,bartolo,bartolomeo,M
285,508,508,meo,bartolomeo,M
286,511,511,bas,basil,M
287,512,512,baz,basil,M
288,513,513,bashe,batyah,F
289,515,515,basya,batyah,F
290,516,516,beatie,beatrice,F
291,517,517,bice,beatrice,F
292,518,518,bea,beatrix,F
293,519,519,bee,beatrix,F
294,520,520,trix,beatrix,F
295,521,521,beda,bedrich,M
296,523,523,bindy,belinda,F
297,524,524,lita,belita,F
298,525,525,phoebe,belphoebe,F
299,526,526,bettino,benedetto,M
300,527,527,ben,benedict,M
301,528,528,bennie,benedict,M
302,529,529,benny,benedict,M
303,530,530,bento,benjamim,M
304,532,532,benji,benjamin,M
305,533,533,benjie,benjamin,M
306,534,534,benjy,benjamin,M
308,538,538,bunny,bernetta,F
309,540,540,bernie,bernard,M
310,541,541,bernardo,bernardino,M
311,542,542,berenice,bernetta,F
313,545,545,bertha,bertie,F
314,551,551,bev,beverly,F
315,552,552,baila,beylke,F
316,553,553,biagio,biagino,M
318,555,555,bina,binke,F
319,556,556,gittan,birgitta,F
320,557,557,dana,bogdana,F
321,558,558,mila,bohumila,F
322,559,559,milada,bohumila,F
323,560,560,bolek,boleslaw,M
325,563,563,boris,borya,M
326,564,564,bo,bosse,M
327,565,565,brad,braden,M
328,568,568,brand,brandi,M
329,569,569,bran,brandon,M
330,570,570,gwen,brangwen,F
331,571,571,branko,branislav,M
332,572,572,branka,branislava,F
333,573,573,biddy,bride,F
334,578,578,brid,brighid,F
335,579,579,gitta,brigitte,F
336,580,580,rita,brita,F
337,581,581,bronius,bronislovas,M
338,582,582,bron,bronwen,F
339,583,583,irmhild,brunhilde,F
340,584,584,brunhild,brunhilde,F
341,585,585,nilda,brunilda,F
342,587,587,bud,buddy,M
343,588,588,burt,burton,M
344,589,589,cael,caelan,M
345,590,590,cait,caitriona,F
346,591,591,cale,caleb,M
347,592,592,callie,callista,F
348,593,593,calix,callistus,M
349,594,594,cal,calvin,M
350,595,595,cam,cameron,U
351,596,596,cammie,camilla,F
352,597,597,milla,camilla,F
353,598,598,millie,camilla,F
354,599,599,camp,campbell,M
355,601,601,candy,candace,F
356,602,602,cande,candelaria,F
357,603,603,candelas,candelaria,F
358,607,607,cara,carita,F
359,609,609,carla,charlene,F
360,611,611,carlos,carlito,M
361,612,612,carmel,carmelita,F
362,613,613,carmen,carmencita,F
363,614,614,mina,carmina,F
364,617,617,cari,caroline,F
365,618,618,carol,caroline,F
366,619,619,carrie,caroline,F
367,621,621,cass,cassandra,F
368,622,622,cassie,cassandra,F
369,626,626,cath,catherine,F
370,627,627,cathy,catherine,F
371,628,628,cadi,catrin,F
372,629,629,trina,catrina,F
373,630,630,riona,catriona,F
374,631,631,ceallach,ceallachan,M
375,632,632,cearbhall,cearbhallan,M
376,633,633,cilla,cecilia,F
377,634,634,sessy,cecilia,F
378,635,635,silke,cecilia,F
379,636,636,sissy,cecilia,F
380,639,639,cesare,cesarino,M
382,641,641,chana,chani,F
384,643,643,arline,charlene,F
385,644,644,charla,charlene,F
386,645,645,charlie,charlene,F
387,646,646,carlin,charlene,M
388,648,648,charlot,charlene,M
389,649,649,chas,charlene,M
390,650,650,chaz,charlene,M
391,651,651,chip,charlene,M
392,652,652,chuck,charlene,M
393,653,653,charles,charlene,M
394,655,655,lotta,charlotta,F
395,656,656,lotte,charlotte,F
396,657,657,lottie,charlotte,F
397,658,658,tottie,charlotte,F
398,659,659,charna,charnette,F
399,660,660,cherie,cherilyn,F
401,662,662,cher,cherilyn,F
402,664,664,cheryl,cherilyn,F
403,666,666,cherette,cherilyn,F
404,667,667,cheri,cherilyn,F
405,669,669,cherry,cherilyn,F
406,675,675,chet,chester,M
407,676,676,amaka,chiamaka,F
408,677,677,chiara,chiarina,F
409,679,679,chickie,chiquita,F
410,680,680,chris,christabel,F
411,685,685,christine,christelle,F
412,688,688,tiana,christiana,F
413,692,692,christa,christina,F
414,694,694,kristia,christina,F
415,695,695,kristy,christina,F
416,696,696,stina,christina,F
417,698,698,chirsty,christelle,F
418,699,699,chrissie,christelle,F
419,700,700,christie,christelle,F
420,701,701,christy,christelle,F
421,702,702,ciorsdan,christelle,F
422,703,703,ciorstag,christelle,F
423,704,704,curstaidh,christelle,F
424,710,710,kit,christopher,M
425,711,711,topher,christopher,M
426,712,712,chryssa,chrysanta,F
427,713,713,jesãšs,chucho,M
428,715,715,emeka,chukwuemeka,M
429,716,716,cian,cianan,M
430,717,717,cindy,cindra,F
431,719,719,ciro,cirino,M
432,720,720,rino,cirino,M
433,721,721,clara,claretta,F
435,723,723,clarette,claretta,F
436,727,727,clare,clarence,M
437,729,729,claramae,claretta,F
438,730,730,claramay,claretta,F
439,735,735,claude,claudette,F
440,736,736,claudie,claudette,F
441,738,738,clay,clayton,M
442,739,739,clem,clement,M
443,743,743,cleo,cleopatra,F
444,744,744,cleve,cleveland,M
445,745,745,cliff,clifford,M
446,746,746,clint,clinton,M
447,747,747,cora,nicolette,F
448,749,749,coco,nicolette,F
449,752,752,conall,conallan,M
450,754,754,concha,concepcion,F
451,756,756,concetta,concettina,F
452,757,757,chita,conchita,F
453,762,762,connie,constance,F
454,766,766,costel,constantine,M
455,767,767,costica,constantine,M
456,768,768,costin,constantine,M
457,771,771,chelo,consuelo,F
458,773,773,suelo,consuelo,F
459,775,775,coral,coralie,F
460,785,785,corrie,corinna,F
461,787,787,cokkie,cornelia,F
462,789,789,kees,cornelius,M
463,798,798,enzo,crescenzo,M
464,799,799,cristi,cristian,M
465,801,801,cross,croccifixio,M
466,802,802,crocetta,crocifissa,F
467,804,804,cruz,cruzita,F
468,806,806,curt,curtis,M
469,807,807,cuddy,cuthbert,M
470,809,809,cy,cyrus,M
471,810,810,cibor,czcibor,M
472,811,811,dee,daffodil,F
473,812,812,dai,dafydd,M
474,813,813,taffy,dafydd,M
475,820,820,dal,dalibor,M
476,821,821,dalek,dalibor,M
477,822,822,daleka,dalibora,F
478,823,823,dalena,dalibora,F
479,824,824,dalenka,dalibora,F
480,825,825,dalka,dalibora,F
481,832,832,dan,danousek,M
482,833,833,danek,danousek,M
483,834,834,danes,danousek,M
484,835,835,dani,danousek,M
485,836,836,danni,danousek,M
486,837,837,danny,danousek,M
487,838,838,danette,daniella,F
488,840,840,dania,daniella,F
489,841,841,danita,daniella,F
490,845,845,daan,daniã‹l,M
491,847,847,daniel,danousek,M
492,849,849,dara,darayavahush,M
493,856,856,darja,darinka,F
494,859,859,darla,darlene,F
496,864,864,dave,david,M
497,865,865,davey,david,M
498,866,866,davie,david,M
499,867,867,davy,david,M
500,868,868,daw,david,M
501,872,872,vina,davina,F
502,878,878,deb,deborah,F
503,879,879,debbie,deborah,F
504,880,880,debi,deborah,F
505,881,881,debra,deborah,F
506,882,882,debs,deborah,F
507,883,883,day,daffodil,F
508,891,891,del,delice,F
509,906,906,demi,demetria,F
510,907,907,tria,demetria,F
511,909,909,den,deneb,M
512,913,913,deni,denise,F
513,915,915,denny,tenney,M
514,916,916,dye,tenney,M
516,921,921,desi,desiderio,M
517,931,931,dewi,dewydd,M
518,935,935,di,diana,F
519,936,936,didi,diana,F
520,939,939,dirk,diederick,M
521,940,940,dick,diederik,M
522,941,941,tiede,diederik,M
523,943,943,till,dieter,M
524,951,951,dima,dimitri,M
525,952,952,mitja,dimitrij,M
526,955,955,dion,diodore,M
527,956,956,diot,dionysia,F
528,961,961,dix,dixie,F
529,964,964,mitya,dmitri,M
531,967,967,lola,dolores,F
532,968,968,loris,dolores,F
533,969,969,dolaidh,domhnall,M
534,970,970,donaidh,domhnall,M
535,971,971,donal,domhnall,M
536,974,974,dom,dominic,M
537,975,975,nic,dominic,M
538,978,978,don,donald,M
539,979,979,donny,donald,M
540,981,981,donata,donatella,F
541,982,982,donato,donatello,M
542,984,984,dory,doretta,F
543,987,987,ditte,dorete,F
544,988,988,dora,doretta,F
545,992,992,doortje,dorothea,F
546,993,993,thea,dorothea,F
547,994,994,tiia,dorothea,F
548,997,997,dolly,dorothy,F
549,999,999,dot,dorothy,F
550,1000,1000,dottie,dorothy,F
551,1001,1001,dorika,dorottya,F
552,1002,1002,dã“ra,dorottya,F
554,1009,1009,dougal,dougie,M
555,1010,1010,doug,douglas,M
556,1012,1012,dragos,dragomir,M
557,1013,1013,mira,drahomira,F
558,1014,1014,dud,dudley,M
559,1015,1015,duff,duffy,M
560,1018,1018,mitica,dumitru,M
561,1019,1019,dunky,duncan,M
562,1020,1020,avdotya,dunyasha,F
563,1021,1021,dante,durante,M
564,1022,1022,dusa,dusanka,F
565,1023,1023,duska,dusanka,F
566,1024,1024,duå an,dusanek,M
567,1025,1025,dusana,dusanka,F
568,1028,1028,dusty,dustin,M
569,1030,1030,dusek,dusanek,M
570,1031,1031,dwyn,dwynwyn,F
571,1033,1033,dyl,dylan,M
572,1036,1036,ebba,eadburga,F
573,1037,1037,adam,eade,M
575,1041,1041,eb,ebenezer,M
576,1042,1042,eben,ebenezer,M
577,1043,1043,ebbe,eberhard,M
578,1044,1044,ebbie,ebner,M
579,1045,1045,ed,edgar,M
580,1048,1048,edie,edith,F
581,1051,1051,lalo,eduardo,M
582,1052,1052,edi,eduart,M
583,1053,1053,edda,edvige,F
584,1055,1055,eddie,edward,M
585,1056,1056,ned,edward,M
586,1057,1057,ted,edward,M
587,1058,1058,teddy,edward,M
588,1062,1062,dyta,edyta,F
589,1064,1064,idzi,egidiusz,M
590,1065,1065,udi,ehud,M
592,1068,1068,katinka,katerinka,F
593,1069,1069,katja,katerinka,F
594,1070,1070,katrusha,katerinka,F
595,1071,1071,katunia,katerinka,F
596,1072,1072,katya,katerinka,F
598,1075,1075,dreda,eldreda,F
599,1076,1076,elea,eleanor,F
600,1077,1077,ellie,eleanor,F
601,1078,1078,nell,eleanor,F
602,1079,1079,leanora,eleanora,F
603,1080,1080,lenora,eleanora,F
604,1081,1081,lefteris,eleftherios,M
605,1082,1082,teris,eleftherios,M
606,1083,1083,lena,elena,F
607,1085,1085,elli,eleonoora,F
608,1086,1086,leonora,eleonora,F
609,1087,1087,leonore,eleonore,F
610,1088,1088,freda,elfreda,F
611,1089,1089,elfi,elfriede,F
612,1090,1090,friede,elfriede,F
613,1091,1091,liisa,eliisa,F
614,1092,1092,liisi,eliisa,F
615,1093,1093,liisu,eliisabet,F
616,1094,1094,lisbet,elisabet,F
617,1095,1095,bess,elisabeth,F
618,1096,1096,bessie,elisabeth,F
619,1097,1097,bessy,elisabeth,F
620,1098,1098,bet,elisabeth,F
621,1099,1099,beth,elisabeth,F
622,1100,1100,bethan,elisabeth,F
623,1101,1101,elisa,elisabeth,F
624,1102,1102,elise,elisabeth,F
625,1103,1103,elissa,elisabeth,F
626,1104,1104,elsa,elisabeth,F
627,1105,1105,else,elisabeth,F
628,1106,1106,elsie,elisabeth,F
629,1107,1107,ilse,elisabeth,F
630,1108,1108,liesa,elisabeth,F
631,1109,1109,liese,elisabeth,F
632,1110,1110,liesel,elisabeth,F
633,1111,1111,lis,elisabeth,F
634,1112,1112,lisa,elisabeth,F
635,1113,1113,lisbeth,elisabeth,F
636,1114,1114,lise,elisabeth,F
637,1115,1115,lisette,elisabeth,F
638,1116,1116,ã‰lise,elisabeth,F
639,1117,1117,ely,eliyahu,M
640,1118,1118,spela,elizabeta,F
641,1120,1120,betsy,elizabeth,F
642,1121,1121,bette,elizabeth,F
643,1122,1122,bettie,elizabeth,F
644,1123,1123,betty,elizabeth,F
645,1124,1124,buffy,elizabeth,F
646,1125,1125,eliza,elizabeth,F
647,1127,1127,libby,elizabeth,F
648,1128,1128,lili,elizabeth,F
649,1129,1129,liz,elizabeth,F
650,1130,1130,liza,elizabeth,F
651,1131,1131,lizbeth,elizabeth,F
652,1132,1132,lizzie,elizabeth,F
653,1133,1133,tetty,elizabeth,F
654,1134,1134,elle,ellen,F
655,1136,1136,elspie,elspeth,F
656,1137,1137,ela,elzbieta,F
657,1138,1138,em,emelia,F
658,1141,1141,mirko,emerik,M
659,1148,1148,manny,emmanuel,M
660,1150,1150,emma,emmet,F
661,1153,1153,encarna,encarnacion,F
662,1154,1154,encarnita,encarnacion,F
663,1155,1155,rico,enrico,M
664,1156,1156,quique,enrique,M
665,1157,1157,rasmus,erasmus,M
666,1158,1158,rastus,erastus,M
667,1159,1159,irma,ermelinda,F
668,1166,1166,ern,ernest,M
669,1167,1167,ernie,ernest,M
670,1168,1168,bozsi,erzsebet,F
671,1169,1169,erzsi,erzsebet,F
672,1170,1170,zsizsi,erzsebet,F
673,1171,1171,zsoka,erzsebet,F
674,1172,1172,essie,estelle,F
675,1173,1173,estee,estelle,F
676,1174,1174,essa,esther,F
677,1176,1176,esta,esther,F
678,1177,1177,eszti,eszter,F
679,1180,1180,hardy,ethelhard,M
680,1181,1181,jetta,anetta,F
681,1182,1182,fruzsina,eufrozina,F
682,1183,1183,gene,eugene,M
683,1184,1184,gena,eugenia,F
684,1185,1185,genia,eugenia,F
685,1186,1186,genie,eugenia,F
686,1187,1187,eula,eulalia,F
687,1188,1188,eulia,eulalia,F
688,1189,1189,lalia,eulalia,F
689,1190,1190,laia,eulã€lia,F
690,1191,1191,effie,euphemia,F
691,1192,1192,eppie,euphemia,F
692,1193,1193,femie,euphemia,F
693,1194,1194,phemie,euphemia,F
694,1195,1195,stacia,eustacia,F
695,1196,1196,stathis,eustathios,M
696,1199,1199,eva,evicka,F
697,1200,1200,eve,evie,F
699,1208,1208,zeke,ezekiel,M
700,1209,1209,brizio,fabrizio,M
701,1210,1210,feivel,faivish,M
702,1211,1211,fetije,fatjeta,F
703,1213,1213,flick,felicia,F
704,1214,1214,flicka,felicia,F
705,1215,1215,licia,felician,F
706,1220,1220,nella,fenella,F
707,1221,1221,filat,feofilakt,M
708,1222,1222,ferd,ferdinand,M
709,1223,1223,ferdie,ferdinand,M
710,1224,1224,ferdy,ferdinand,M
711,1225,1225,nandy,ferdinand,M
712,1226,1226,feri,ferenc,M
713,1227,1227,ferko,ferenc,M
715,1229,1229,fergie,fergus,M
716,1230,1230,ferro,ferruccio,M
717,1231,1231,delma,fidelma,F
718,1233,1233,fionn,fionnagan,M
719,1234,1234,barra,fionnbarr,M
720,1236,1236,nuala,fionnuala,F
721,1238,1238,fitz,fitzroy,M
722,1239,1239,flann,flannan,M
723,1240,1240,fleur,fleuretta,F
724,1241,1241,flo,floella,F
725,1244,1244,florrie,florence,F
726,1245,1245,flossie,florence,F
727,1246,1246,flora,floretta,F
728,1247,1247,flore,florette,F
729,1249,1249,folki,folkvarthr,M
730,1250,1250,cissy,francine,F
731,1251,1251,fanny,francine,F
732,1252,1252,fran,francine,F
733,1253,1253,frankie,francine,F
734,1254,1254,frannie,francine,F
735,1255,1255,franco,francesco,M
737,1257,1257,frances,francine,F
738,1258,1258,france,francine,M
739,1259,1259,frank,francine,M
740,1261,1261,chica,francisca,F
741,1262,1262,paca,francisca,F
742,1263,1263,paquita,francisca,F
743,1264,1264,chico,frascuelo,M
744,1265,1265,curro,frascuelo,M
746,1267,1267,frasquito,frascuelo,M
747,1268,1268,paco,frascuelo,M
748,1269,1269,pancho,frascuelo,M
749,1270,1270,paquito,frascuelo,M
750,1271,1271,franci,franciska,F
751,1272,1272,francka,franciska,F
752,1273,1273,francette,francoise,F
753,1274,1274,frang,frangan,M
754,1276,1276,francis,francine,M
755,1279,1279,francisco,frascuelo,M
756,1281,1281,feck,freddercke,M
757,1282,1282,fedde,freddercke,M
758,1283,1283,fick,freddercke,M
759,1284,1284,freddie,frederica,F
760,1285,1285,rica,frederica,F
761,1286,1286,fred,frederick,M
762,1288,1288,freddy,frederick,M
763,1289,1289,rikke,frederikke,F
764,1290,1290,riika,fredriika,F
765,1291,1291,riikka,fredriikka,F
766,1292,1292,rieti,fredrik,M
767,1293,1293,frits,frerik,M
768,1294,1294,fritzi,friederike,F
769,1295,1295,rike,friederike,F
770,1296,1296,fritz,friedrich,M
771,1297,1297,frery,frã‰dã‰ric,M
772,1298,1298,fedya,fyodor,M
773,1299,1299,fabo,fãbiãn,M
774,1300,1300,gaba,gabirel,M
775,1301,1301,gabek,gabirel,M
776,1302,1302,gabby,gabriel,M
777,1303,1303,gabe,gabriel,M
778,1304,1304,gable,gabriel,M
779,1305,1305,gay,gabriel,M
780,1306,1306,riel,gabriel,M
782,1308,1308,gabi,gabriele,U
783,1309,1309,brielle,gabrielle,F
784,1310,1310,gabbie,gabrielle,F
785,1311,1311,gaby,gabrielle,F
786,1312,1312,gabrys,gabryjel,M
787,1313,1313,gabriela,gabrysia,F
788,1314,1314,gale,galen,M
789,1315,1315,gala,galina,F
790,1316,1316,galya,galina,F
792,1321,1321,nettie,garnette,F
793,1322,1322,gare,gary,M
794,1324,1324,geertje,geertruida,F
795,1325,1325,truus,geertruida,F
796,1328,1328,neva,genevieve,F
797,1329,1329,geneva,genevieve,F
798,1330,1330,genna,genevieve,F
799,1331,1331,genny,genevieve,F
800,1332,1332,veva,geneviãˆve,F
801,1333,1333,geoff,geoffrey,M
802,1334,1334,george,geordie,M
803,1335,1335,goga,georgi,M
805,1338,1338,georgia,georgie,F
806,1339,1339,gina,georgina,F
807,1341,1341,gigi,georgine,F
808,1342,1342,ginette,georgine,F
809,1343,1343,gerry,gerald,M
810,1344,1344,jerry,gerald,M
811,1346,1346,ged,gerard,M
813,1348,1348,gerde,gerdi,F
814,1349,1349,gergo,gergely,M
815,1350,1350,gerd,gerhard,M
816,1351,1351,gert,gerhard,M
817,1352,1352,gertie,gertrude,F
818,1353,1353,trudy,gertrude,F
819,1354,1354,gianni,giambattista,M
821,1360,1360,nino,giovanni,M
822,1362,1362,gid,gideon,M
823,1363,1363,gidi,gideon,M
824,1364,1364,gijs,gijsbert,M
825,1366,1366,gib,gilbert,M
826,1367,1367,gil,gilbert,M
827,1368,1368,gill,gilbert,M
828,1369,1369,beistean,gillespie,M
829,1370,1370,regine,georgine,F
830,1371,1371,giorgia,giorgina,F
831,1373,1373,giorgio,giorgino,M
832,1374,1374,gianna,giovannetta,F
833,1375,1375,vanna,giovannetta,F
834,1376,1376,giovanna,giovannetta,F
835,1378,1378,giannino,giovanni,M
836,1379,1379,vanni,giovanni,M
837,1381,1381,gisa,gisela,F
838,1382,1382,giulia,giulietta,F
839,1383,1383,beppe,giuseppe,M
840,1384,1384,pina,giuseppina,F
841,1387,1387,gizi,gizella,F
842,1388,1388,gluke,glukel,F
843,1390,1390,lieve,godelieve,F
844,1391,1391,gord,gordon,M
846,1393,1393,gotz,gottfried,M
847,1394,1394,grace,gracie,F
848,1395,1395,gracia,graciela,F
849,1396,1396,graziana,graziella,F
850,1397,1397,greg,gregor,M
851,1398,1398,gregg,gregor,M
852,1399,1399,greig,gregor,M
853,1400,1400,goito,gregorio,M
854,1401,1401,goyo,gregorio,M
856,1405,1405,grete,gretel,F
857,1406,1406,grisha,grigori,M
858,1407,1407,zelda,griselda,F
859,1408,1408,guto,gruffudd,M
860,1409,1409,lupe,guadalupe,F
861,1410,1410,guarin,guarinot,M
862,1411,1411,gunda,gundula,F
863,1412,1412,gunne,gunnar,M
864,1413,1413,staaf,gustaaf,M
865,1414,1414,gosta,gustaf,M
866,1415,1415,guga,gustavo,M
867,1417,1417,gaelle,gwenaelle,F
868,1429,1429,gwil,gwilym,M
869,1430,1430,gyuri,gyorgy,M
870,1431,1431,gyorgyi,gyorgyike,F
871,1434,1434,gazsi,gãspãr,M
872,1435,1435,dassah,hadassa,F
873,1436,1436,hada,hadassa,F
874,1438,1438,hajnal,hajnalka,F
875,1439,1439,hamon,hamnet,M
876,1440,1440,hans,hampus,M
879,1443,1443,hanna,johanna,F
881,1445,1445,hanne,hannelore,F
882,1446,1446,hannah,hannie,F
883,1448,1448,hattie,harriet,F
884,1453,1453,wiebe,hartwig,M
885,1454,1454,harve,harvey,M
886,1456,1456,haze,hazel,F
888,1458,1458,heck,hector,M
889,1459,1459,heckie,hector,M
890,1461,1461,hedda,hedvig,F
891,1462,1462,hedy,hedwig,F
892,1463,1463,heike,heinrich,M
893,1464,1464,heiko,heinrich,M
894,1465,1465,heine,heinrich,M
895,1466,1466,heiner,heinrich,M
896,1467,1467,heino,heinrich,M
897,1468,1468,heinz,heinrich,M
898,1470,1470,heleen,heleentje,F
899,1473,1473,leni,helene,F
900,1476,1476,nelle,helenjane,F
901,1477,1477,nellie,helenjane,F
902,1478,1478,nelly,helenjane,F
903,1479,1479,hege,helga,F
904,1480,1480,henda,hendel,F
905,1481,1481,hein,hendrik,M
906,1482,1482,henk,hendrik,M
907,1483,1483,heintje,hendrika,F
908,1484,1484,hennie,hendrika,F
909,1485,1485,henio,hendrych,M
910,1486,1486,henrik,henning,M
911,1490,1490,hettie,henrietta,F
912,1491,1491,yetta,henrietta,F
913,1492,1492,herkus,henrikas,M
914,1493,1493,hal,henry,M
915,1494,1494,hank,henry,M
916,1496,1496,hepsie,hephziba,F
917,1497,1497,herb,herbert,M
918,1498,1498,herbie,herbert,M
919,1499,1499,herk,hercules,M
920,1500,1500,harm,herman,M
921,1501,1501,hernan,hernando,M
922,1502,1502,herodes,herodion,M
923,1503,1503,hirsh,herschel,M
924,1508,1508,honoree,honorine,F
925,1509,1509,jan,honza,M
926,1510,1510,howie,howard,M
927,1511,1511,hroda,hrodebert,M
928,1513,1513,lanzo,hrodland,M
929,1514,1514,rose,hrodohaidis,F
930,1518,1518,huib,hubertus,M
931,1519,1519,huub,hubertus,M
932,1522,1522,hugh,hudde,M
933,1524,1524,huet,hudde,M
934,1525,1525,shug,hudde,M
935,1527,1527,hum,humbert,M
936,1528,1528,huffie,humphrey,M
937,1529,1529,hasan,husayn,M
939,1531,1531,hyman,hymie,M
940,1532,1532,ioan,iancu,M
942,1534,1534,ida,idelle,F
943,1537,1537,ianto,iefan,M
944,1538,1538,nacho,ignacio,M
945,1539,1539,nacio,ignacio,M
946,1540,1540,iikka,iisakki,M
947,1541,1541,iiro,iisakki,M
948,1542,1542,ildi,ildiko,F
949,1543,1543,ildo,ildiko,F
951,1546,1546,ilmari,ilmarinen,M
952,1547,1547,ili,ilonka,F
953,1548,1548,ilka,ilonka,F
954,1549,1549,ilona,ilonka,F
956,1551,1551,imke,imma,F
957,1552,1552,man,immanuel,M
958,1553,1553,imre,imrus,M
959,1554,1554,indy,indiana,U
960,1555,1555,inge,ingeborg,F
961,1565,1565,kenya,innokentiy,M
962,1566,1566,oana,ioana,F
963,1569,1569,iolo,iorwerth,M
964,1570,1570,iolyn,iorwerth,M
967,1573,1573,irena,irenka,F
968,1574,1574,irina,irinushka,F
969,1581,1581,ike,sekel,M
971,1583,1583,ibbie,isabel,F
972,1584,1584,izzie,isabel,F
973,1585,1585,izzy,isabel,F
974,1586,1586,bella,isabella,F
975,1587,1587,sabella,isabella,F
976,1588,1588,beileag,iseabail,F
977,1589,1589,dore,isidore,M
978,1591,1591,pista,istvãn,M
979,1592,1592,pisti,istvãn,M
980,1593,1593,iva,ivanka,F
981,1594,1594,ivana,ivanka,F
983,1596,1596,ivonne,ivonette,F
984,1597,1597,jaska,jaakko,M
985,1598,1598,john,jackalyn,M
986,1599,1599,jacki,jackalyn,F
987,1600,1600,jackie,jackalyn,F
988,1601,1601,jaki,jackalyn,F
989,1602,1602,jakki,jackalyn,F
990,1603,1603,jack,jackalyn,M
991,1604,1604,jay,jackson,M
992,1605,1605,jake,kapel,M
993,1606,1606,jeb,kapel,M
995,1608,1608,coby,jacoba,F
996,1610,1610,bine,jacobine,F
997,1611,1611,cobus,jacobus,M
998,1613,1613,coos,jacobus,M
999,1614,1614,jaap,jacobus,M
1000,1615,1615,kobus,jacobus,M
1001,1616,1616,koos,jacobus,M
1002,1617,1617,sjaak,jacobus,M
1003,1618,1618,jacquette,jacqueline,F
1004,1619,1619,jacqui,jacqueline,F
1005,1622,1622,jadzia,jadwiga,F
1006,1623,1623,wiga,jadwiga,F
1007,1624,1624,wisia,jadwiga,F
1008,1631,1631,ib,jakob,M
1009,1632,1632,kuba,jakub,M
1010,1634,1634,jari,jalmari,M
1012,1637,1637,jem,jamie,M
1013,1638,1638,jemmy,jamie,M
1014,1639,1639,jim,jamie,M
1015,1642,1642,james,jamie,M
1016,1645,1645,janos,jancsi,M
1017,1648,1648,jane,janeka,F
1019,1672,1672,janez,janko,M
1020,1681,1681,jani,jancsi,M
1021,1686,1686,jarek,jarogniew,M
1022,1698,1698,jaume,jaumet,M
1023,1700,1700,jae,jackson,M
1024,1701,1701,jai,jackson,M
1025,1704,1704,jep,jackson,M
1026,1706,1706,jo,jackson,M
1027,1707,1707,joe,jackson,M
1028,1708,1708,jon,jackson,M
1029,1723,1723,jean,jean-baptiste,M
1030,1726,1726,jeanne,jeanette,F
1031,1731,1731,jed,jedidiah,M
1032,1736,1736,jeff,jeffrey,M
1033,1739,1739,jelka,jelena,F
1034,1743,1743,jenã•,jenci,M
1035,1745,1745,jen,jennifer,F
1036,1746,1746,jena,jennifer,F
1037,1747,1747,jenae,jennifer,F
1038,1748,1748,jenny,jennifer,F
1039,1753,1753,jere,jeremiah,M
1040,1758,1758,nejc,jernej,M
1042,1769,1769,jessica,jessenia,F
1043,1770,1770,jess,jessenia,F
1044,1771,1771,jessa,jessenia,F
1045,1772,1772,jessie,jessenia,F
1046,1775,1775,jesse,jessenia,M
1047,1776,1776,chus,jesusa,F
1048,1778,1778,chuy,chucho,M
1049,1782,1782,jill,jillian,F
1050,1789,1789,achim,joachim,M
1051,1790,1790,kim,joakim,M
1053,1796,1796,joasia,joanny,F
1054,1799,1799,joanna,joanny,F
1055,1800,1800,quim,joaquim,M
1056,1801,1801,asia,joanny,F
1057,1804,1804,jojo,jobeth,F
1058,1806,1806,job,joby,M
1059,1811,1811,joss,jocelyn,U
1061,1813,1813,jozefo,johano,M
1062,1814,1814,jock,jockie,M
1063,1829,1829,hanke,johan,M
1064,1830,1830,hana,johana,F
1065,1832,1832,hannele,johanna,F
1066,1833,1833,janne,johanna,F
1067,1834,1834,jenni,johanna,F
1068,1835,1835,jonna,johanna,F
1069,1838,1838,hannes,johannes,M
1070,1840,1840,joop,johannes,M
1071,1841,1841,jochjo,johano,M
1072,1851,1851,johnna,johnnie,F
1073,1859,1859,jola,jolanka,F
1074,1860,1860,jolan,jolanka,F
1075,1871,1871,jonty,jonathan,M
1076,1872,1872,jonie,jonelle,F
1077,1880,1880,juuso,jooseppi,M
1078,1881,1881,joord,jordaan,M
1079,1884,1884,judd,jordan,M
1082,1896,1896,joey,joseph,M
1083,1899,1899,josie,josephine,F
1084,1900,1900,posy,josephine,F
1085,1903,1903,josh,joshua,M
1086,1904,1904,jozo,josip,M
1087,1907,1907,ze,josã‰,M
1088,1908,1908,fifi,josã‰phine,F
1089,1909,1909,josette,josã‰phine,F
1090,1910,1910,josiane,josã‰phine,F
1091,1911,1911,jouko,joukahainen,M
1092,1912,1912,jovana,jovanka,F
1093,1917,1917,jef,jozef,M
1094,1918,1918,joep,jozef,M
1095,1920,1920,joos,jozef,M
1096,1921,1921,jos,jozef,M
1097,1922,1922,sjef,jozef,M
1098,1923,1923,zef,jozef,M
1099,1924,1924,pepca,jozefa,F
1100,1926,1926,jozsi,jozsef,M
1101,1927,1927,juana,juanita,F
1102,1928,1928,juan,juanito,M
1103,1929,1929,jitka,judita,F
1104,1930,1930,judy,judith,F
1106,1932,1932,jules,julia,F
1107,1934,1934,liane,juliane,F
1108,1935,1935,lianne,julianne,F
1109,1936,1936,julie,juliet,F
1110,1938,1938,jãšlia,juliska,F
1111,1940,1940,julek,juliusz,M
1112,1942,1942,juozas,juozapas,M
1113,1943,1943,jerzy,jurek,M
1114,1946,1946,justy,justin,M
1115,1948,1948,joost,justus,M
1116,1949,1949,joska,jã“zsef,M
1117,1950,1950,jorn,jã˜rgen,M
1118,1951,1951,juli,juliska,F
1119,1952,1952,kaisa,kaarina,F
1120,1953,1953,kalle,kaarle,M
1121,1954,1954,kay,kacey,F
1122,1955,1955,kiki,kacey,F
1123,1972,1972,kai,kajicek,M
1124,1982,1982,kam,kameron,M
1125,1990,1990,jacob,kapel,M
1127,2010,2010,liina,karoliina,F
1128,2011,2011,kaja,karolina,F
1129,2014,2014,kãja,karolãna,F
1130,2019,2019,kassy,kasandra,F
1131,2026,2026,kata,katalin,F
1132,2027,2027,kati,katalin,F
1133,2028,2028,kato,katalin,F
1134,2029,2029,kitti,katalin,F
1135,2030,2030,kaija,katariina,F
1136,2033,2033,katri,katariina,F
1137,2034,2034,riina,katariina,F
1138,2035,2035,triinu,katariina,F
1139,2036,2036,kajsa,katarina,F
1140,2037,2037,katica,katarina,F
1141,2038,2038,katrin,katarine,F
1142,2039,2039,karina,katarzyna,F
1143,2040,2040,kasia,katarzyna,F
1144,2047,2047,ekaterina,katerinka,F
1145,2048,2048,kathe,katharine,F
1146,2053,2053,kat,katherine,F
1147,2054,2054,kate,katherine,F
1148,2055,2055,kath,katherine,F
1149,2056,2056,kathy,katherine,F
1150,2057,2057,katie,katherine,F
1151,2058,2058,khara,katherine,F
1152,2060,2060,kitty,katherine,F
1153,2077,2077,trine,katrine,F
1154,2098,2098,kazia,kazimiera,F
1155,2131,2131,kell,kelly,U
1156,2141,2141,ken,kendal,M
1157,2150,2150,nina,kenina,F
1158,2155,2155,kenny,kenneth,M
1159,2160,2160,kent,kenton,M
1160,2163,2163,keren,kerenhappuch,F
1161,2192,2192,kara,kacey,F
1162,2193,2193,keri,kacey,F
1163,2194,2194,kora,kacey,F
1164,2195,2195,kyla,kacey,F
1165,2196,2196,kyra,kacey,F
1166,2208,2208,kimbra,kimberly,F
1167,2209,2209,kimmy,kimberly,F
1168,2213,2213,kimi,kimiko,F
1170,2219,2219,kirstie,kirstin,F
1171,2225,2225,kezia,kizzie,F
1172,2226,2226,klara,klaartje,F
1173,2227,2227,klava,klavdiya,F
1174,2228,2228,klimek,klemens,M
1175,2230,2230,hilda,klothilda,F
1176,2231,2231,koert,koenraad,M
1177,2232,2232,kort,koenrad,M
1178,2233,2233,koldo,koldobika,M
1179,2236,2236,koloda,kolodka,M
1180,2239,2239,kurt,konrad,M
1181,2240,2240,kostya,konstantin,M
1182,2244,2244,korbl,korbinian,M
1183,2256,2256,kreine,kreindel,F
1184,2257,2257,kreso,kresimir,M
1185,2259,2259,senta,kreszentia,F
1186,2260,2260,zenzi,kreszenz,F
1187,2269,2269,kris,kristal,F
1188,2280,2280,stiina,kristiina,F
1189,2281,2281,tiina,kristiina,F
1190,2282,2282,kia,kristina,F
1191,2283,2283,krista,kristina,F
1192,2284,2284,krister,kristoffer,M
1193,2297,2297,krysia,krystyna,F
1194,2298,2298,krzys,krzysztof,M
1195,2300,2300,kinge,kunigunde,F
1196,2312,2312,kylli,kyllikki,F
1197,2317,2317,karcsi,kãroly,M
1198,2319,2319,lachie,lachlan,M
1199,2320,2320,lockie,lachlan,M
1200,2322,2322,elaine,lainey,F
1201,2325,2325,lalla,lallie,F
1203,2327,2327,lalage,lallie,F
1204,2328,2328,lanny,lancelot,M
1205,2329,2329,lance,lancelot,M
1206,2336,2336,lara,larissa,F
1207,2337,2337,laz,laurence,M
1208,2339,2339,tisha,latisha,F
1209,2340,2340,lari,laureen,F
1210,2341,2341,laura,laureen,F
1212,2344,2344,larry,laurence,M
1213,2348,2348,laure,laurette,F
1214,2349,2349,lauren,laurie,F
1215,2352,2352,law,lawrence,M
1216,2353,2353,lawrie,lawrence,M
1217,2354,2354,lanty,maeleachlainn,M
1218,2355,2355,leah,leatrice,F
1219,2356,2356,leslaw,lechoslaw,M
1220,2357,2357,leslawa,lechoslawa,F
1221,2358,2358,lee,leeann,F
1222,2359,2359,lem,lemuel,M
1223,2360,2360,lemmy,lemuel,M
1224,2361,2361,lelle,lennart,M
1225,2362,2362,lenne,lennart,M
1226,2363,2363,nenne,lennart,M
1227,2364,2364,ileana,lenuta,F
1228,2365,2365,len,leonard,M
1229,2366,2366,lenny,leonard,M
1230,2367,2367,leo,leonard,M
1231,2368,2368,poldi,leopold,M
1232,2369,2369,les,lesley,U
1234,2372,2372,leslie,lessie,F
1235,2373,2373,lech,leszek,M
1236,2374,2374,lecia,letitia,F
1237,2375,2375,tia,letitia,F
1238,2376,2376,titty,letitia,F
1239,2377,2377,lettie,lettice,F
1240,2378,2378,lecso,levente,M
1241,2379,2379,levi,levente,M
1243,2381,2381,libena,libuse,F
1245,2386,2386,lilo,lieselotte,F
1246,2387,2387,liesje,lijsbeth,F
1248,2391,2391,linda,lindy,F
1249,2394,2394,linn,linnea,F
1250,2395,2395,nea,linnea,F
1251,2399,2399,lã‰on,lionel,M
1252,2402,2402,kisha,adelicia,F
1253,2405,2405,llew,llewelyn,M
1254,2406,2406,lowie,lodewijk,M
1255,2407,2407,alojz,lojze,M
1256,2410,2410,alonso,lonnie,M
1257,2411,2411,lora,loreen,F
1258,2412,2412,lenz,lorenz,M
1259,2414,2414,renzo,lorenzo,M
1260,2418,2418,lorri,lorraine,F
1261,2419,2419,lou,louella,F
1263,2422,2422,louie,louis,M
1264,2425,2425,lulu,louise,F
1265,2426,2426,ouida,louise,F
1266,2427,2427,lovro,lovrenc,M
1267,2433,2433,lubos,lubomãr,M
1268,2434,2434,lucy,lucetta,F
1269,2436,2436,lucia,lucilla,F
1270,2437,2437,luke,lucky,M
1271,2440,2440,ludo,ludovic,M
1272,2441,2441,luchjo,ludoviko,M
1273,2442,2442,ludde,ludvig,M
1274,2443,2443,viggo,ludvig,M
1275,2444,2444,lutz,ludwig,M
1276,2448,2448,luigia,luigina,F
1277,2449,2449,luigi,luigino,M
1278,2451,2451,luisa,luisella,F
1279,2455,2455,liddy,lydia,F
1281,2457,2457,lynda,lyndi,F
1282,2463,2463,lys,lysandra,F
1283,2466,2466,lyuba,lyubov,F
1284,2468,2468,lyyti,lyydia,F
1285,2469,2469,laci,lãszlã“,M
1286,2470,2470,marja,maaike,F
1287,2471,2471,miia,maarika,F
1288,2472,2472,maaria,maarika,F
1289,2473,2473,mab,amabel,F
1290,2475,2475,kenzie,mackenzie,U
1291,2476,2476,mack,mackenzie,M
1292,2479,2479,maddie,madeline,F
1293,2480,2480,lenka,magdalena,F
1294,2481,2481,leachlainn,maeleachlainn,M
1295,2482,2482,alena,magdalena,F
1296,2483,2483,madlenka,magdalena,F
1297,2484,2484,magda,magdalena,F
1298,2485,2485,malin,magdalene,F
1299,2486,2486,alina,magdalina,F
1300,2487,2487,lone,magdalone,F
1301,2488,2488,duci,magdolna,F
1302,2489,2489,mag,margaret,F
1303,2491,2491,peigi,maighread,F
1305,2493,2493,maisie,mairead,F
1306,2494,2494,marie,mairin,F
1307,2499,2499,mary,maralyn,F
1308,2500,2500,manju,manjula,F
1309,2502,2502,manuel,manolete,M
1310,2503,2503,manuela,manolita,F
1311,2507,2507,manolo,manolete,M
1312,2508,2508,manola,manolita,F
1313,2510,2510,mae,maralyn,F
1314,2511,2511,mamie,maralyn,F
1315,2513,2513,mayme,maralyn,F
1316,2514,2514,moll,maralyn,F
1317,2515,2515,mollie,maralyn,F
1318,2516,2516,molly,maralyn,F
1319,2517,2517,celina,marcelina,F
1320,2518,2518,marcelle,marcellette,F
1321,2519,2519,marcel,marcelon,M
1322,2520,2520,marci,marcia,F
1323,2521,2521,marcy,marcia,F
1324,2523,2523,gretchen,margaret,F
1325,2524,2524,madge,margaret,F
1326,2525,2525,maggie,margaret,F
1327,2527,2527,marge,margaret,F
1328,2528,2528,margie,margaret,F
1329,2529,2529,may,margaret,F
1330,2530,2530,meg,margaret,F
1331,2531,2531,megan,margaret,F
1332,2532,2532,greta,margareta,F
1333,2536,2536,meta,margarete,F
1334,2541,2541,grethe,margrethe,F
1335,2542,2542,griet,margriet,F
1336,2543,2543,grietje,margriet,F
1337,2544,2544,margot,marguerite,F
1338,2545,2545,maike,maria,F
1339,2546,2546,meike,maria,F
1340,2547,2547,mia,maria,F
1341,2548,2548,mimi,maria,F
1342,2549,2549,mitzi,maria,F
1343,2550,2550,my,maria,F
1344,2551,2551,ria,maria,F
1345,2552,2552,mãria,marica,F
1346,2553,2553,manon,mairin,F
1347,2561,2561,mare,marija,F
1348,2562,2562,mojca,marija,F
1349,2586,2586,marina,marinella,F
1350,2592,2592,reeta,maritta,F
1351,2593,2593,reetta,maritta,F
1352,2594,2594,marãa,maritza,F
1353,2595,2595,manya,mariya,F
1354,2596,2596,mieke,maaike,F
1355,2597,2597,miep,maaike,F
1356,2599,2599,jaana,marjaana,F
1357,2601,2601,jorie,marjorie,F
1358,2605,2605,marla,marlene,F
1359,2606,2606,marlie,marlene,F
1360,2614,2614,duke,marmaduke,M
1362,2616,2616,martie,martin,M
1363,2617,2617,marty,martin,M
1364,2618,2618,tinek,martin,M
1365,2620,2620,marta,martita,F
1366,2621,2621,mãrta,martuska,F
1368,2759,2759,masa,masaaki,M
1369,2772,2772,marya,masha,F
1370,2773,2773,mattie,matilda,F
1371,2774,2774,tilda,matilda,F
1372,2775,2775,tilly,matilda,F
1373,2776,2776,tilde,matilde,F
1374,2777,2777,leena,matleena,F
1375,2778,2778,motya,matryosha,F
1376,2779,2779,matrona,matryosha,F
1377,2781,2781,matt,matthew,M
1378,2783,2783,thijs,matthijs,M
1379,2787,2787,maude,maudie,F
1380,2788,2788,mo,maureen,F
1381,2789,2789,max,maximilian,M
1382,2792,2792,maeve,meaveen,F
1383,2795,2795,meino,meinard,M
1384,2796,2796,menno,meinard,M
1385,2801,2801,mel,melanie,F
1386,2806,2806,mindy,melinda,F
1387,2809,2809,lissa,melissa,F
1388,2810,2810,missy,melissa,F
1389,2817,2817,mendel,menahem,M
1390,2825,2825,merle,merletta,F
1391,2833,2833,merv,mervyn,M
1392,2834,2834,micha,michael,M
1393,2835,2835,mick,michael,M
1394,2836,2836,mickey,michael,M
1395,2837,2837,mike,michael,M
1396,2838,2838,miki,michael,M
1397,2840,2840,mikki,michaela,F
1398,2841,2841,michele,michelangelo,M
1399,2842,2842,michela,michelina,F
1400,2844,2844,chelle,michelle,F
1401,2845,2845,shell,michelle,F
1402,2846,2846,mieszko,mieczyslaw,M
1403,2848,2848,mignon,mignonette,F
1404,2849,2849,miha,mihael,M
1405,2850,2850,mihai,mihaita,M
1406,2851,2851,michijo,mihhaelo,M
1407,2852,2852,miho,mihovil,M
1408,2853,2853,misi,mihãly,M
1409,2854,2854,miska,mihãly,M
1410,2855,2855,misha,mikhail,M
1411,2856,2856,mika,mikko,M
1412,2857,2857,milana,bohumila,F
1413,2858,2858,milena,bohumila,F
1414,2862,2862,milan,miloslav,M
1415,2863,2863,milos,miloslav,M
1416,2866,2866,milosz,miloslaw,M
1417,2869,2869,randa,miranda,F
1418,2870,2870,randy,miranda,F
1419,2871,2871,miro,mircea,M
1420,2876,2876,mirek,miroslav,M
1421,2881,2881,mitch,mitchell,M
1422,2883,2883,desya,modest,M
1423,2884,2884,modya,modest,M
1424,2885,2885,modeste,modestine,M
1425,2886,2886,marlyn,maralyn,F
1426,2887,2887,maryjo,maralyn,F
1427,2888,2888,marylu,maralyn,F
1428,2891,2891,mona,monica,F
1429,2892,2892,monty,montague,M
1430,2894,2894,montse,montserrat,F
1431,2895,2895,mor,morag,F
1432,2896,2896,motel,mordche,M
1433,2897,2897,motke,mordche,M
1434,2899,2899,mora,morgana,F
1435,2901,2901,mort,mortimer,M
1436,2902,2902,morty,mortimer,M
1437,2906,2906,moe,moses,M
1438,2907,2907,mose,moses,M
1439,2908,2908,tamid,mu'tamid,M
1440,2909,2909,murty,muiriartach,M
1441,2910,2910,murdoch,murdanie,M
1442,2911,2911,dina,murdina,F
1443,2913,2913,murdie,murdanie,M
1444,2914,2914,murdo,murdanie,M
1445,2915,2915,murdy,murdanie,M
1446,2916,2916,myf,myfanwy,F
1448,2918,2918,myrtie,myrtle,F
1449,2919,2919,mate,mãtyãs,M
1450,2920,2920,nada,nadezda,F
1451,2921,2921,nadeja,nadezda,F
1452,2923,2923,nadya,nadezhda,F
1453,2925,2925,,nancy,F
1454,2929,2929,natalka,nataliya,F
1456,2931,2931,talya,natasha,F
1457,2932,2932,natalya,natasha,F
1458,2933,2933,tasha,natasha,F
1459,2934,2934,nat,nathan,M
1460,2935,2935,nate,nathan,M
1461,2937,2937,neil,neely,M
1462,2941,2941,ion,nelu,M
1463,2943,2943,newt,newton,M
1464,2944,2944,nico,niccolã’,M
1465,2945,2945,launo,nicholas,M
1466,2947,2947,nick,nicholas,M
1467,2949,2949,nikki,nicoletta,F
1468,2950,2950,nicu,nicusor,M
1470,2952,2952,nicola,nicoletta,F
1471,2953,2953,colette,nicolette,F
1472,2955,2955,nicolae,nicusor,M
1473,2958,2958,klaus,niklaus,M
1474,2959,2959,klaas,nikolaas,M
1475,2960,2960,kolya,nikolai,M
1476,2961,2961,nichjo,nikolao,M
1477,2964,2964,nils,nisse,M
1478,2965,2965,nkiru,nkiruka,F
1479,2966,2966,noele,noelene,F
1481,2968,2968,noella,noelle,F
1482,2969,2969,nã“ra,noirin,F
1483,2970,2970,ione,nonie,F
1484,2972,2972,nora,noreen,F
1485,2973,2973,nori,noriko,F
1486,2976,2976,norm,norrie,M
1488,2980,2980,norman,norrie,M
1489,2983,2983,ogafia,ogafitsa,F
1490,2984,2984,ogechi,ogechukwukama,F
1491,2985,2985,ogrifina,ogrofenka,F
1492,2986,2986,olli,olavi,M
1493,2987,2987,olek,oleksander,M
1495,2989,2989,noll,oliver,M
1496,2990,2990,oli,oliver,M
1497,2991,2991,ollie,oliver,M
1498,2992,2992,olive,olivette,F
1499,2993,2993,livia,olivia,F
1500,2994,2994,livvy,olivia,F
1502,2997,2997,olle,olov,M
1503,2998,2998,femi,olufemi,M
1504,2999,2999,olga,olya,F
1505,3001,3001,onyeka,onyekachukwu,F
1506,3003,3003,oz,osbert,M
1507,3007,3007,osku,oskari,M
1508,3010,3010,ottilie,ottoline,F
1509,3011,3011,age,ove,M
1510,3012,3012,dag,ove,M
1511,3014,3014,pace,pacey,M
1512,3015,3015,paulo,pachjo,M
1513,3016,3016,page,paget,F
1514,3017,3017,pam,pamela,F
1515,3018,3018,panagiotis,panagiotakis,M
1516,3019,3019,takis,panagiotakis,M
1517,3020,3020,panos,panagiotakis,M
1518,3022,3022,patxi,pantzeska,M
1519,3023,3023,parth,parthalãn,M
1520,3024,3024,pascale,pascaline,F
1522,3026,3026,pasquale,pasqualino,M
1523,3027,3027,pat,patricia,F
1524,3028,3028,patsy,patricia,F
1525,3029,3029,patty,patricia,F
1526,3030,3030,tricia,patricia,F
1527,3031,3031,paddy,patrick,M
1528,3034,3034,ipati,patya,M
1529,3035,3035,paula,pauletta,F
1530,3036,3036,paule,paulette,F
1531,3037,3037,paul,paulie,M
1532,3038,3038,pasha,pavel,M
1533,3039,3039,pavla,pavlina,F
1534,3040,3040,pearl,pearlie,F
1535,3041,3041,peg,peggy,F
1536,3042,3042,per,pelle,M
1537,3044,3044,pen,penelope,F
1538,3045,3045,pene,penelope,F
1539,3046,3046,penny,penelope,F
1541,3048,3048,jose,pepe,M
1542,3050,3050,perce,percival,M
1543,3051,3051,percy,percival,M
1544,3052,3052,purdie,perdita,F
1545,3053,3053,perry,peregrine,M
1546,3054,3054,perla,perlita,F
1547,3055,3055,peppi,perpetua,F
1549,3057,3057,penko,petar,M
1550,3058,3058,pero,petar,M
1551,3059,3059,pehr,peterkin,M
1552,3060,3060,pete,peterkin,M
1553,3061,3061,peter,peterkin,M
1554,3063,3063,petra,petrina,F
1555,3064,3064,peronel,petronel,F
1557,3067,3067,phil,philip,M
1558,3068,3068,pip,philip,M
1559,3069,3069,pippa,philippa,F
1560,3071,3071,piera,pierina,F
1561,3072,3072,perrin,pierre,M
1562,3074,3074,pili,pilar,F
1563,3075,3075,riitta,piritta,F
1564,3076,3076,piri,piroska,F
1565,3077,3077,pollie,pollyanna,F
1566,3078,3078,polly,pollyanna,F
1567,3079,3079,pris,priscilla,F
1568,3080,3080,prisca,priscilla,F
1569,3081,3081,prissy,priscilla,F
1570,3082,3082,scilla,priscilla,F
1571,3083,3083,pru,prudence,F
1572,3084,3084,prue,prudence,F
1573,3088,3088,przemek,przemyslaw,M
1574,3089,3089,przemko,przemyslaw,M
1575,3090,3090,petya,pyotr,M
1576,3091,3091,paidin,pãdraig,M
1577,3092,3092,peti,pã‰ter,M
1578,3093,3093,queen,queenie,F
1579,3094,3094,quin,quintin,M
1581,3098,3098,rae,rachel,F
1582,3102,3102,radim,radomir,M
1583,3103,3103,rados,radomir,M
1584,3106,3106,raclaw,radoslaw,M
1585,3107,3107,rafa,rafael,M
1586,3111,3111,raisa,raisel,F
1587,3112,3112,ralph,ralphie,M
1588,3114,3114,rama,ramakrishna,M
1589,3117,3117,nero,raniero,M
1590,3118,3118,ranj,ranjeet,M
1591,3119,3119,ray,raymond,M
1592,3120,3120,raya,rayna,F
1593,3121,3121,becca,rebecca,F
1594,3122,3122,becci,rebecca,F
1595,3123,3123,becka,rebecca,F
1596,3124,3124,beckah,rebecca,F
1597,3125,3125,becky,rebecca,F
1598,3126,3126,bekki,rebecca,F
1599,3127,3127,reba,rebecca,F
1600,3128,3128,reena,reenie,F
1601,3129,3129,reg,reginald,M
1602,3130,3130,reggie,reginald,M
1603,3131,3131,rein,reiner,M
1604,3135,3135,irene,renie,F
1605,3136,3136,rena,renita,F
1606,3137,3137,rube,reuben,M
1607,3138,3138,ruby,reuben,M
1608,3142,3142,dickie,richard,M
1609,3143,3143,dicky,richard,M
1610,3144,3144,rich,richard,M
1611,3145,3145,richie,richard,M
1612,3146,3146,rick,richard,M
1613,3147,3147,rickie,richard,M
1614,3148,3148,ricky,richard,M
1615,3151,3151,riku,rikhard,M
1616,3152,3152,rin,alexandrina,F
1617,3155,3155,bob,robert,M
1618,3156,3156,bobbi,robert,M
1619,3157,3157,bobby,robert,M
1620,3158,3158,dob,robert,M
1621,3159,3159,hob,robert,M
1622,3160,3160,rab,robert,M
1623,3161,3161,rabbie,robert,M
1624,3162,3162,rob,robert,M
1625,3163,3163,roban,robert,M
1626,3164,3164,robbie,robert,M
1627,3165,3165,robin,robert,M
1628,3167,3167,bobbie,roberta,F
1629,3173,3173,rod,roderick,M
1630,3174,3174,roddy,roderick,M
1631,3175,3175,rodge,rodger,M
1632,3177,3177,rodya,rodion,M
1633,3180,3180,rui,rodrigo,M
1634,3181,3181,ruy,rodrigo,M
1635,3182,3182,roel,roeland,M
1636,3183,3183,rolf,roffe,M
1637,3184,3184,rogatus,rogelius,M
1638,3185,3185,dodge,roger,M
1639,3186,3186,hodge,roger,M
1640,3187,3187,rois,roisin,F
1641,3188,3188,roly,roland,M
1642,3189,3189,ron,ronnie,M
1644,3193,3193,ronald,ronnie,M
1645,3195,3195,roope,roopertti,M
1646,3196,3196,ros,rosalind,F
1647,3198,3198,rosa,rosangela,F
1648,3201,3201,rosie,rosanna,F
1649,3202,3202,rosy,rosanna,F
1650,3207,3207,charo,rosario,F
1651,3221,3221,romey,rosemary,F
1652,3230,3230,rostek,rostislav,M
1653,3231,3231,rostik,rostislav,M
1654,3232,3232,rostya,rostislav,M
1655,3233,3233,rostinka,rostislava,F
1656,3234,3234,roxie,roxana,F
1657,3238,3238,roz,rozanne,F
1659,3240,3240,rozsa,rozsi,F
1660,3241,3241,ruadh,ruadhan,M
1661,3243,3243,rudi,rudolf,M
1662,3244,3244,ruud,rudolf,M
1663,3245,3245,rudy,rudolph,M
1664,3246,3246,russ,russell,M
1665,3247,3247,ruth,ruthie,F
1666,3248,3248,robi,rã“bert,M
1667,3250,3250,sachie,sacheverell,M
1669,3252,3252,saffie,saffron,F
1670,3253,3253,sakke,sakari,M
1671,3254,3254,saku,sakari,M
1672,3257,3257,sal,sarah,F
1673,3260,3260,tore,salvatore,M
1674,3261,3261,sam,samantha,F
1675,3262,3262,sammy,samantha,F
1676,3265,3265,samu,samuli,M
1677,3266,3266,sans,sancho,M
1678,3267,3267,santo,santino,M
1679,3268,3268,santa,santuzza,F
1680,3269,3269,sadie,sarah,F
1681,3270,3270,sally,sarah,F
1682,3271,3271,sarit,sarah,F
1683,3273,3273,sara,saranna,F
1684,3279,3279,scott,scottie,M
1685,3280,3280,bastiaan,sebastiaan,M
1686,3281,3281,bastian,sebastian,M
1687,3282,3282,sepi,sebastian,M
1688,3283,3283,bastien,sebastien,M
1689,3284,3284,bostjan,sebastjan,M
1690,3285,3285,isaac,sekel,M
1692,3289,3289,sepp,seppel,M
1693,3290,3290,fina,serafina,F
1694,3291,3291,sera,seraphina,F
1695,3294,3294,seve,severiano,M
1696,3297,3297,shad,shadrach,M
1697,3298,3298,shae,shaelyn,F
1698,3299,3299,shayna,shaindel,F
1699,3300,3300,chantal,shantae,F
1700,3302,3302,shay,shaylyn,F
1701,3303,3303,shig,shigeko,F
1702,3306,3306,shimon,shimmel,M
1703,3307,3307,shannah,shoshannah,F
1704,3308,3308,shprintza,shprintzel,F
1705,3310,3310,sian,siana,F
1706,3312,3312,sid,sidney,M
1707,3313,3313,sigi,siegfried,M
1708,3317,3317,siiri,sigrid,F
1709,3318,3318,siri,sigrid,F
1710,3319,3319,silas,silouanus,M
1711,3320,3320,fester,silvester,M
1712,3321,3321,sly,silvester,M
1713,3322,3322,vester,silvester,M
1714,3323,3323,silva,silviya,F
1715,3325,3325,simona,simonetta,F
1716,3326,3326,simone,simonette,F
1717,3327,3327,joris,sjors,M
1718,3329,3329,sluaghadh,sluaghadhan,M
1719,3330,3330,sobeska,sobeslava,F
1721,3332,3332,sol,solomon,M
1722,3333,3333,solly,solomon,M
1723,3334,3334,sofya,sonya,F
1724,3335,3335,frona,sophronia,F
1725,3336,3336,spyro,spyridon,M
1726,3337,3337,spyros,spyridon,M
1727,3338,3338,stanko,stanislav,M
1728,3339,3339,stas,stanislav,M
1729,3340,3340,stanka,stanislava,F
1730,3341,3341,stan,stanley,M
1732,3343,3343,fane,stefan,M
1733,3344,3344,stefcia,stefania,F
1734,3345,3345,stef,stephanie,F
1735,3346,3346,steffie,stephanie,F
1736,3347,3347,steph,stephanie,F
1737,3348,3348,stevie,stephanie,F
1738,3349,3349,ste,stephen,M
1739,3350,3350,steenie,stephen,M
1740,3353,3353,steve,stephen,M
1741,3355,3355,stew,stewart,M
1742,3356,3356,stu,stuart,M
1743,3357,3357,stigr,stãgandr,M
1744,3358,3358,susana,susanita,F
1745,3359,3359,sanna,susanna,F
1746,3360,3360,sue,susanna,F
1747,3361,3361,sukie,susanna,F
1748,3362,3362,suse,susanna,F
1749,3363,3363,susie,susanna,F
1750,3364,3364,suzie,susanna,F
1751,3365,3365,sanne,susanne,F
1753,3367,3367,suzanne,suzette,F
1754,3368,3368,svana,svanhildur,F
1755,3370,3370,sveta,svetlana,F
1756,3371,3371,svetla,svetlana,F
1757,3376,3376,syd,sydney,M
1758,3377,3377,sami,sãmuel,M
1759,3378,3378,sanyi,sãndor,M
1761,3380,3380,sãra,sãri,F
1762,3382,3382,tabby,tabitha,F
1763,3383,3383,tabea,tabitha,F
1764,3384,3384,tibby,tabitha,F
1765,3385,3385,tadzio,tadeusz,M
1766,3388,3388,lula,talulla,F
1767,3389,3389,tamia,tamara,F
1768,3390,3390,tammy,tamara,F
1769,3391,3391,toma,tamara,F
1770,3394,3394,tomi,tamãs,M
1771,3395,3395,tatu,taneli,M
1772,3396,3396,teppo,tapani,M
1773,3399,3399,taina,tatiana,F
1774,3400,3400,tania,tatiana,F
1775,3401,3401,tanja,tatiana,F
1776,3402,3402,tanya,tatiana,F
1777,3403,3403,seonag,teasag,F
1778,3405,3405,dennis,tenney,M
1779,3406,3406,tel,terence,M
1780,3407,3407,terry,terence,M
1781,3408,3408,tere,teresinha,F
1782,3409,3409,teresa,teresinha,F
1783,3410,3410,teca,terezia,F
1784,3411,3411,terez,terezia,F
1785,3413,3413,terhi,terhenetar,F
1786,3414,3414,tess,tessie,F
1787,3415,3415,tessa,tessie,F
1788,3416,3416,tad,thaddeus,M
1789,3417,3417,thad,thaddeus,M
1790,3418,3418,thady,thaddeus,M
1791,3419,3419,than,thanatos,M
1792,3423,3423,theda,theodora,F
1793,3426,3426,teuvo,theodore,M
1794,3427,3427,theo,theodore,M
1795,3428,3428,dosia,theodosia,F
1796,3429,3429,teri,theresa,F
1797,3430,3430,terrie,theresa,F
1798,3432,3432,thera,theresa,F
1799,3433,3433,trees,theresia,F
1800,3434,3434,maas,thomas,M
1801,3435,3435,thom,thomas,M
1802,3436,3436,tom,thomas,M
1803,3437,3437,tommy,thomas,M
1804,3441,3441,tofa,thorfridr,F
1805,3450,3450,thã‰o,thã‰odore,M
1806,3451,3451,tim,timothy,M
1807,3452,3452,timmy,timothy,M
1808,3453,3453,toby,tobias,M
1809,3454,3454,tã’mas,tomachan,M
1810,3456,3456,maso,tommaso,M
1811,3457,3457,topi,topias,M
1812,3458,3458,thor,salvatore,M
1813,3459,3459,toshi,toshiaki,M
1815,3464,3464,trace,tracy,U
1816,3465,3465,trev,trevor,M
1817,3466,3466,katrijn,trijntje,F
1818,3467,3467,trini,trinidad,F
1819,3469,3469,trish,trisha,F
1820,3471,3471,tsveta,tsvetanka,F
1821,3472,3472,tommi,tuomas,M
1822,3473,3473,ty,tybalt,M
1823,3483,3483,tam,tomachan,M
1824,3484,3484,tomag,tomachan,M
1826,3486,3486,uilleag,uilleam,M
1827,3487,3487,liam,uilliam,M
1828,3488,3488,ueli,ulrich,M
1829,3489,3489,utz,ulrich,M
1830,3490,3490,ulla,ulrika,F
1831,3491,3491,ursel,ursula,F
1832,3492,3492,uschi,ursula,F
1833,3493,3493,urska,urå ula,F
1834,3494,3494,vaino,vainamoinen,M
1835,3496,3496,val,valentina,F
1836,3499,3499,vali,valeriu,M
1837,3500,3500,van,vance,M
1838,3501,3501,nessa,vanessa,F
1839,3502,3502,nessie,vanessa,F
1840,3503,3503,ivann,vanya,M
1843,3507,3507,varinka,varvara,F
1844,3508,3508,varya,varvara,F
1845,3509,3509,vasile,vasilica,M
1846,3510,3510,vasya,vasiliy,M
1847,3511,3511,veli,veikko,M
1848,3512,3512,varda,vered,F
1849,3513,3513,vreni,verena,F
1850,3516,3516,vern,vernon,M
1851,3517,3517,roni,veronica,F
1852,3519,3519,nika,veronika,F
1853,3520,3520,veca,vesna,F
1854,3522,3522,vic,victor,M
1855,3523,3523,vick,victor,M
1856,3524,3524,vico,victor,M
1857,3525,3525,tori,victoria,F
1858,3526,3526,toria,victoria,F
1859,3528,3528,vickie,victoria,F
1860,3529,3529,vicky,victoria,F
1861,3531,3531,vilho,vilhelmi,M
1862,3532,3532,ville,vilhelmi,M
1863,3533,3533,miina,vilhelmiina,F
1864,3534,3534,mimmi,vilhelmiina,F
1865,3535,3535,vilchjo,vilhelmo,M
1866,3536,3536,viljo,viljami,M
1867,3537,3537,vilko,viljem,M
1868,3538,3538,vili,vilmos,M
1869,3539,3539,cenck,vincenck,M
1870,3540,3540,cenek,vincenck,M
1871,3541,3541,vinca,vincenck,M
1872,3542,3542,vinck,vincenck,M
1873,3543,3543,vincenc,vincenck,M
1874,3544,3544,vin,vincent,M
1875,3545,3545,vince,vincent,M
1876,3546,3546,vinnie,vincent,M
1877,3548,3548,vi,violet,F
1878,3550,3550,ginger,virginia,F
1879,3551,3551,ginnie,virginia,F
1880,3552,3552,virgie,virginia,F
1881,3554,3554,vitya,vitaliy,M
1882,3556,3556,vivian,viviette,F
1883,3557,3557,vjeko,vjekoslav,M
1884,3558,3558,vlatko,vladimir,M
1885,3559,3559,volodya,vladimir,M
1886,3560,3560,volya,vladimir,M
1887,3561,3561,vova,vladimir,M
1889,3564,3564,vlad,vsevolod,M
1890,3565,3565,vuk,vukasin,M
1891,3569,3569,ewald,waldo,M
1892,3570,3570,wally,wallace,M
1893,3572,3572,walt,watkin,M
1894,3573,3573,wat,watkin,M
1896,3575,3575,warin,warinot,M
1897,3576,3576,walter,watkin,M
1898,3578,3578,wislaw,wielislaw,M
1899,3579,3579,wil,wilbur,M
1900,3583,3583,wilf,wilfred,M
1901,3585,3585,willi,wilhelm,M
1902,3586,3586,wim,wilhelm,M
1903,3587,3587,helma,wilhelmina,F
1904,3588,3588,ilma,wilhelmina,F
1905,3590,3590,minna,wilhelmina,F
1906,3591,3591,minnie,wilhelmina,F
1907,3592,3592,wilma,wilhelmina,F
1908,3593,3593,mine,wilhelmine,F
1909,3595,3595,jelle,willem,M
1910,3596,3596,pim,willem,M
1911,3598,3598,bill,william,M
1912,3599,3599,billie,william,M
1913,3600,3600,billy,william,M
1914,3602,3602,will,william,M
1915,3603,3603,willie,william,M
1916,3604,3604,willy,william,M
1917,3611,3611,winnie,winifred,F
1918,3612,3612,wlodek,wlodzimierz,M
1919,3614,3614,wojtek,wojciech,M
1920,3615,3615,wolf,wolfgang,M
1921,3617,3617,woody,woodrow,M
1922,3618,3618,weit,wouter,M
1925,3623,3623,yann,yanick,M
1926,3624,3624,yaakov,yankel,M
1927,3625,3625,yan,yanko,M
1928,3627,3627,yakov,yasha,M
1929,3629,3629,gora,yegor,M
1930,3630,3630,gorya,yegor,M
1931,3631,3631,yidel,yehudit,F
1932,3632,3632,yutke,yehudit,F
1933,3641,3641,lizaveta,yelizaveta,F
1935,3643,3643,yente,yentl,F
1936,3644,3644,zhenya,yevgeniya,F
1937,3645,3645,yoni,yonatan,M
1938,3646,3646,yoshi,yoshiaki,M
1939,3656,3656,yuki,yukiko,F
1940,3658,3658,yumi,yumiko,F
1941,3659,3659,yosef,yussel,M
1942,3660,3660,vonnie,yvonne,F
1943,3661,3661,zach,zachary,M
1944,3662,3662,zack,zackary,M
1945,3664,3664,zed,zedekiah,M
1946,3665,3665,zeph,zephaniah,M
1947,3666,3666,zina,zinaida,F
1949,3668,3668,zlatan,zlatko,M
1950,3669,3669,zoe,zoey,F
1952,3671,3671,zofia,zosia,F
1953,3672,3672,zsiga,zsigmond,M
1954,3673,3673,zsofia,zsofika,F
1955,3674,3674,zsazsa,zsuzsanna,F
1956,3675,3675,zsuzsa,zsuzsanna,F
1957,3676,3676,zsuzsi,zsuzsanna,F
1958,3677,3677,zvonko,zvonimir,M
1959,3679,3679,zeljko,å½elimir,M
1960,3680,3680,ãgi,ãgnes,F
1961,3683,3683,odi,ã–dã–n,M
